imagel,imager,action
imagel_0.png,imager_0.png,t
imagel_1.png,imager_1.png,t
imagel_2.png,imager_2.png,t
imagel_3.png,imager_3.png,g
imagel_4.png,imager_4.png,f
imagel_5.png,imager_5.png,h
imagel_6.png,imager_6.png,h
imagel_7.png,imager_7.png,t
imagel_8.png,imager_8.png,h
imagel_9.png,imager_9.png,t
imagel_10.png,imager_10.png,t
imagel_11.png,imager_11.png,h
imagel_12.png,imager_12.png,t
imagel_13.png,imager_13.png,t
imagel_14.png,imager_14.png,t
imagel_15.png,imager_15.png,h
imagel_16.png,imager_16.png,t
imagel_17.png,imager_17.png,t
imagel_18.png,imager_18.png,g
imagel_19.png,imager_19.png,h
imagel_20.png,imager_20.png,t
imagel_21.png,imager_21.png,h
imagel_22.png,imager_22.png,t
imagel_23.png,imager_23.png,g
imagel_24.png,imager_24.png,h
imagel_25.png,imager_25.png,t
imagel_26.png,imager_26.png,h
imagel_27.png,imager_27.png,t
imagel_28.png,imager_28.png,h
imagel_29.png,imager_29.png,h
imagel_30.png,imager_30.png,h
imagel_31.png,imager_31.png,t
imagel_32.png,imager_32.png,t
imagel_33.png,imager_33.png,g
imagel_34.png,imager_34.png,h
imagel_35.png,imager_35.png,t
imagel_36.png,imager_36.png,h
imagel_37.png,imager_37.png,t
imagel_38.png,imager_38.png,h
imagel_39.png,imager_39.png,t
imagel_40.png,imager_40.png,g
imagel_41.png,imager_41.png,h
imagel_42.png,imager_42.png,t
imagel_43.png,imager_43.png,h
imagel_44.png,imager_44.png,t
imagel_45.png,imager_45.png,h
imagel_46.png,imager_46.png,t
imagel_47.png,imager_47.png,h
imagel_48.png,imager_48.png,g
imagel_49.png,imager_49.png,h
imagel_50.png,imager_50.png,t
imagel_51.png,imager_51.png,h
imagel_52.png,imager_52.png,t
imagel_53.png,imager_53.png,t
imagel_54.png,imager_54.png,h
imagel_55.png,imager_55.png,h
imagel_56.png,imager_56.png,t
imagel_57.png,imager_57.png,h
imagel_58.png,imager_58.png,t
imagel_59.png,imager_59.png,t
imagel_60.png,imager_60.png,h
imagel_61.png,imager_61.png,h
imagel_62.png,imager_62.png,h
imagel_63.png,imager_63.png,t
imagel_64.png,imager_64.png,t
imagel_65.png,imager_65.png,h
imagel_66.png,imager_66.png,t
imagel_67.png,imager_67.png,h
imagel_68.png,imager_68.png,t
imagel_69.png,imager_69.png,t
imagel_70.png,imager_70.png,t
imagel_71.png,imager_71.png,t
imagel_72.png,imager_72.png,t
imagel_73.png,imager_73.png,t
imagel_74.png,imager_74.png,t
imagel_75.png,imager_75.png,t
imagel_76.png,imager_76.png,t
imagel_77.png,imager_77.png,t
imagel_78.png,imager_78.png,h
imagel_79.png,imager_79.png,h
imagel_80.png,imager_80.png,h
imagel_81.png,imager_81.png,t
imagel_82.png,imager_82.png,t
imagel_83.png,imager_83.png,t
imagel_84.png,imager_84.png,t
imagel_85.png,imager_85.png,h
imagel_86.png,imager_86.png,t
imagel_87.png,imager_87.png,t
imagel_88.png,imager_88.png,t
imagel_89.png,imager_89.png,t
imagel_90.png,imager_90.png,h
imagel_91.png,imager_91.png,h
imagel_92.png,imager_92.png,t
imagel_93.png,imager_93.png,h
imagel_94.png,imager_94.png,t
imagel_95.png,imager_95.png,t
imagel_96.png,imager_96.png,t
imagel_97.png,imager_97.png,t
imagel_98.png,imager_98.png,t
imagel_99.png,imager_99.png,t
imagel_100.png,imager_100.png,t
imagel_101.png,imager_101.png,t
imagel_102.png,imager_102.png,h
imagel_103.png,imager_103.png,t
imagel_104.png,imager_104.png,t
imagel_105.png,imager_105.png,t
imagel_106.png,imager_106.png,f
imagel_107.png,imager_107.png,f
imagel_108.png,imager_108.png,t
imagel_109.png,imager_109.png,f
imagel_110.png,imager_110.png,f
imagel_111.png,imager_111.png,t
imagel_112.png,imager_112.png,f
imagel_113.png,imager_113.png,f
imagel_114.png,imager_114.png,f
imagel_115.png,imager_115.png,t
imagel_116.png,imager_116.png,t
imagel_117.png,imager_117.png,h
imagel_118.png,imager_118.png,t
imagel_119.png,imager_119.png,f
imagel_120.png,imager_120.png,t
imagel_121.png,imager_121.png,t
imagel_122.png,imager_122.png,t
imagel_123.png,imager_123.png,h
imagel_124.png,imager_124.png,h
imagel_125.png,imager_125.png,h
imagel_126.png,imager_126.png,t
imagel_127.png,imager_127.png,h
imagel_128.png,imager_128.png,t
imagel_129.png,imager_129.png,t
imagel_130.png,imager_130.png,t
imagel_131.png,imager_131.png,t
imagel_132.png,imager_132.png,t
imagel_133.png,imager_133.png,h
imagel_134.png,imager_134.png,t
imagel_135.png,imager_135.png,t
imagel_136.png,imager_136.png,t
imagel_137.png,imager_137.png,g
imagel_138.png,imager_138.png,h
imagel_139.png,imager_139.png,h
imagel_140.png,imager_140.png,t
imagel_141.png,imager_141.png,t
imagel_142.png,imager_142.png,h
imagel_143.png,imager_143.png,t
imagel_144.png,imager_144.png,t
imagel_145.png,imager_145.png,t
imagel_146.png,imager_146.png,t
imagel_147.png,imager_147.png,t
imagel_148.png,imager_148.png,t
imagel_149.png,imager_149.png,f
imagel_150.png,imager_150.png,t
imagel_151.png,imager_151.png,t
imagel_152.png,imager_152.png,t
imagel_153.png,imager_153.png,f
imagel_154.png,imager_154.png,f
imagel_155.png,imager_155.png,t
imagel_156.png,imager_156.png,t
imagel_157.png,imager_157.png,t
imagel_158.png,imager_158.png,t
imagel_159.png,imager_159.png,t
imagel_160.png,imager_160.png,t
imagel_161.png,imager_161.png,h
imagel_162.png,imager_162.png,t
imagel_163.png,imager_163.png,t
imagel_164.png,imager_164.png,t
imagel_165.png,imager_165.png,t
imagel_166.png,imager_166.png,t
imagel_167.png,imager_167.png,t
imagel_168.png,imager_168.png,t
imagel_169.png,imager_169.png,t
imagel_170.png,imager_170.png,t
imagel_171.png,imager_171.png,t
imagel_172.png,imager_172.png,t
imagel_173.png,imager_173.png,t
imagel_174.png,imager_174.png,g
imagel_175.png,imager_175.png,h
imagel_176.png,imager_176.png,t
imagel_177.png,imager_177.png,h
imagel_178.png,imager_178.png,t
imagel_179.png,imager_179.png,g
imagel_180.png,imager_180.png,h
imagel_181.png,imager_181.png,h
imagel_182.png,imager_182.png,t
imagel_183.png,imager_183.png,h
imagel_184.png,imager_184.png,t
imagel_185.png,imager_185.png,t
imagel_186.png,imager_186.png,t
imagel_187.png,imager_187.png,h
imagel_188.png,imager_188.png,h
imagel_189.png,imager_189.png,t
imagel_190.png,imager_190.png,h
imagel_191.png,imager_191.png,h
imagel_192.png,imager_192.png,t
imagel_193.png,imager_193.png,h
imagel_194.png,imager_194.png,t
imagel_195.png,imager_195.png,t
imagel_196.png,imager_196.png,h
imagel_197.png,imager_197.png,t
imagel_198.png,imager_198.png,t
imagel_199.png,imager_199.png,h
imagel_200.png,imager_200.png,h
imagel_201.png,imager_201.png,t
imagel_202.png,imager_202.png,t
imagel_203.png,imager_203.png,t
imagel_204.png,imager_204.png,t
imagel_205.png,imager_205.png,t
imagel_206.png,imager_206.png,t
imagel_207.png,imager_207.png,h
imagel_208.png,imager_208.png,t
imagel_209.png,imager_209.png,t
imagel_210.png,imager_210.png,t
imagel_211.png,imager_211.png,h
imagel_212.png,imager_212.png,t
imagel_213.png,imager_213.png,t
imagel_214.png,imager_214.png,t
imagel_215.png,imager_215.png,g
imagel_216.png,imager_216.png,h
imagel_217.png,imager_217.png,t
imagel_218.png,imager_218.png,h
imagel_219.png,imager_219.png,t
imagel_220.png,imager_220.png,h
imagel_221.png,imager_221.png,t
imagel_222.png,imager_222.png,h
imagel_223.png,imager_223.png,h
imagel_224.png,imager_224.png,h
imagel_225.png,imager_225.png,t
imagel_226.png,imager_226.png,g
imagel_227.png,imager_227.png,h
imagel_228.png,imager_228.png,t
imagel_229.png,imager_229.png,h
imagel_230.png,imager_230.png,t
imagel_231.png,imager_231.png,g
imagel_232.png,imager_232.png,h
imagel_233.png,imager_233.png,t
imagel_234.png,imager_234.png,t
imagel_235.png,imager_235.png,t
imagel_236.png,imager_236.png,t
imagel_237.png,imager_237.png,t
imagel_238.png,imager_238.png,h
imagel_239.png,imager_239.png,h
imagel_240.png,imager_240.png,h
imagel_241.png,imager_241.png,t
imagel_242.png,imager_242.png,h
imagel_243.png,imager_243.png,t
imagel_244.png,imager_244.png,t
imagel_245.png,imager_245.png,t
imagel_246.png,imager_246.png,t
imagel_247.png,imager_247.png,f
imagel_248.png,imager_248.png,t
imagel_249.png,imager_249.png,t
imagel_250.png,imager_250.png,f
imagel_251.png,imager_251.png,f
imagel_252.png,imager_252.png,t
imagel_253.png,imager_253.png,f
imagel_254.png,imager_254.png,t
imagel_255.png,imager_255.png,t
imagel_256.png,imager_256.png,t
imagel_257.png,imager_257.png,t
imagel_258.png,imager_258.png,t
imagel_259.png,imager_259.png,f
imagel_260.png,imager_260.png,t
imagel_261.png,imager_261.png,t
imagel_262.png,imager_262.png,h
imagel_263.png,imager_263.png,h
imagel_264.png,imager_264.png,t
imagel_265.png,imager_265.png,f
imagel_266.png,imager_266.png,t
imagel_267.png,imager_267.png,t
imagel_268.png,imager_268.png,t
imagel_269.png,imager_269.png,f
imagel_270.png,imager_270.png,t
imagel_271.png,imager_271.png,t
imagel_272.png,imager_272.png,t
imagel_273.png,imager_273.png,t
imagel_274.png,imager_274.png,t
imagel_275.png,imager_275.png,t
imagel_276.png,imager_276.png,f
imagel_277.png,imager_277.png,t
imagel_278.png,imager_278.png,t
imagel_279.png,imager_279.png,t
imagel_280.png,imager_280.png,f
imagel_281.png,imager_281.png,t
imagel_282.png,imager_282.png,t
imagel_283.png,imager_283.png,t
imagel_284.png,imager_284.png,h
imagel_285.png,imager_285.png,t
imagel_286.png,imager_286.png,h
imagel_287.png,imager_287.png,t
imagel_288.png,imager_288.png,t
imagel_289.png,imager_289.png,t
imagel_290.png,imager_290.png,h
imagel_291.png,imager_291.png,t
imagel_292.png,imager_292.png,t
imagel_293.png,imager_293.png,h
imagel_294.png,imager_294.png,t
imagel_295.png,imager_295.png,t
imagel_296.png,imager_296.png,t
imagel_297.png,imager_297.png,h
imagel_298.png,imager_298.png,h
imagel_299.png,imager_299.png,t
imagel_300.png,imager_300.png,t
imagel_301.png,imager_301.png,t
imagel_302.png,imager_302.png,t
imagel_303.png,imager_303.png,t
imagel_304.png,imager_304.png,t
imagel_305.png,imager_305.png,t
imagel_306.png,imager_306.png,f
imagel_307.png,imager_307.png,t
imagel_308.png,imager_308.png,f
imagel_309.png,imager_309.png,t
imagel_310.png,imager_310.png,t
imagel_311.png,imager_311.png,t
imagel_312.png,imager_312.png,f
imagel_313.png,imager_313.png,f
imagel_314.png,imager_314.png,t
imagel_315.png,imager_315.png,t
imagel_316.png,imager_316.png,t
imagel_317.png,imager_317.png,t
imagel_318.png,imager_318.png,t
imagel_319.png,imager_319.png,g
imagel_320.png,imager_320.png,f
imagel_321.png,imager_321.png,t
imagel_322.png,imager_322.png,t
imagel_323.png,imager_323.png,t
imagel_324.png,imager_324.png,t
imagel_325.png,imager_325.png,t
imagel_326.png,imager_326.png,t
imagel_327.png,imager_327.png,t
imagel_328.png,imager_328.png,t
imagel_329.png,imager_329.png,t
imagel_330.png,imager_330.png,g
imagel_331.png,imager_331.png,f
imagel_332.png,imager_332.png,t
imagel_333.png,imager_333.png,t
imagel_334.png,imager_334.png,t
imagel_335.png,imager_335.png,t
imagel_336.png,imager_336.png,t
imagel_337.png,imager_337.png,t
imagel_338.png,imager_338.png,t
imagel_339.png,imager_339.png,t
imagel_340.png,imager_340.png,g
imagel_341.png,imager_341.png,h
imagel_342.png,imager_342.png,h
imagel_343.png,imager_343.png,t
imagel_344.png,imager_344.png,h
imagel_345.png,imager_345.png,t
imagel_346.png,imager_346.png,h
imagel_347.png,imager_347.png,t
imagel_348.png,imager_348.png,h
imagel_349.png,imager_349.png,t
imagel_350.png,imager_350.png,t
imagel_351.png,imager_351.png,t
imagel_352.png,imager_352.png,t
imagel_353.png,imager_353.png,h
imagel_354.png,imager_354.png,h
imagel_355.png,imager_355.png,t
imagel_356.png,imager_356.png,t
imagel_357.png,imager_357.png,t
imagel_358.png,imager_358.png,t
imagel_359.png,imager_359.png,t
imagel_360.png,imager_360.png,t
imagel_361.png,imager_361.png,t
imagel_362.png,imager_362.png,f
imagel_363.png,imager_363.png,f
imagel_364.png,imager_364.png,t
imagel_365.png,imager_365.png,t
imagel_366.png,imager_366.png,t
imagel_367.png,imager_367.png,h
imagel_368.png,imager_368.png,t
imagel_369.png,imager_369.png,h
imagel_370.png,imager_370.png,t
imagel_371.png,imager_371.png,t
imagel_372.png,imager_372.png,h
imagel_373.png,imager_373.png,h
imagel_374.png,imager_374.png,h
imagel_375.png,imager_375.png,t
imagel_376.png,imager_376.png,t
imagel_377.png,imager_377.png,t
imagel_378.png,imager_378.png,t
imagel_379.png,imager_379.png,t
imagel_380.png,imager_380.png,t
imagel_381.png,imager_381.png,h
imagel_382.png,imager_382.png,h
imagel_383.png,imager_383.png,h
imagel_384.png,imager_384.png,t
imagel_385.png,imager_385.png,t
imagel_386.png,imager_386.png,t
imagel_387.png,imager_387.png,f
imagel_388.png,imager_388.png,t
imagel_389.png,imager_389.png,t
imagel_390.png,imager_390.png,h
imagel_391.png,imager_391.png,t
imagel_392.png,imager_392.png,t
imagel_393.png,imager_393.png,t
imagel_394.png,imager_394.png,f
imagel_395.png,imager_395.png,t
imagel_396.png,imager_396.png,t
imagel_397.png,imager_397.png,t
imagel_398.png,imager_398.png,h
imagel_399.png,imager_399.png,h
imagel_400.png,imager_400.png,h
imagel_401.png,imager_401.png,t
imagel_402.png,imager_402.png,t
imagel_403.png,imager_403.png,t
imagel_404.png,imager_404.png,h
imagel_405.png,imager_405.png,h
imagel_406.png,imager_406.png,t
imagel_407.png,imager_407.png,t
imagel_408.png,imager_408.png,t
imagel_409.png,imager_409.png,h
imagel_410.png,imager_410.png,t
imagel_411.png,imager_411.png,t
imagel_412.png,imager_412.png,t
imagel_413.png,imager_413.png,t
imagel_414.png,imager_414.png,t
imagel_415.png,imager_415.png,t
imagel_416.png,imager_416.png,t
imagel_417.png,imager_417.png,f
imagel_418.png,imager_418.png,f
imagel_419.png,imager_419.png,t
imagel_420.png,imager_420.png,t
imagel_421.png,imager_421.png,t
imagel_422.png,imager_422.png,t
imagel_423.png,imager_423.png,h
imagel_424.png,imager_424.png,h
imagel_425.png,imager_425.png,t
imagel_426.png,imager_426.png,t
imagel_427.png,imager_427.png,t
imagel_428.png,imager_428.png,t
imagel_429.png,imager_429.png,t
imagel_430.png,imager_430.png,t
imagel_431.png,imager_431.png,t
imagel_432.png,imager_432.png,h
imagel_433.png,imager_433.png,t
imagel_434.png,imager_434.png,t
imagel_435.png,imager_435.png,h
imagel_436.png,imager_436.png,h
imagel_437.png,imager_437.png,t
imagel_438.png,imager_438.png,h
imagel_439.png,imager_439.png,h
imagel_440.png,imager_440.png,t
imagel_441.png,imager_441.png,t
imagel_442.png,imager_442.png,t
imagel_443.png,imager_443.png,t
imagel_444.png,imager_444.png,t
imagel_445.png,imager_445.png,t
imagel_446.png,imager_446.png,t
imagel_447.png,imager_447.png,t
imagel_448.png,imager_448.png,t
imagel_449.png,imager_449.png,t
imagel_450.png,imager_450.png,t
imagel_451.png,imager_451.png,t
imagel_452.png,imager_452.png,g
imagel_453.png,imager_453.png,h
imagel_454.png,imager_454.png,h
imagel_455.png,imager_455.png,t
imagel_456.png,imager_456.png,h
imagel_457.png,imager_457.png,t
imagel_458.png,imager_458.png,t
imagel_459.png,imager_459.png,h
imagel_460.png,imager_460.png,h
imagel_461.png,imager_461.png,t
imagel_462.png,imager_462.png,h
imagel_463.png,imager_463.png,h
imagel_464.png,imager_464.png,t
imagel_465.png,imager_465.png,h
imagel_466.png,imager_466.png,t
imagel_467.png,imager_467.png,t
imagel_468.png,imager_468.png,t
imagel_469.png,imager_469.png,t
imagel_470.png,imager_470.png,t
imagel_471.png,imager_471.png,t
imagel_472.png,imager_472.png,t
imagel_473.png,imager_473.png,g
imagel_474.png,imager_474.png,h
imagel_475.png,imager_475.png,h
imagel_476.png,imager_476.png,t
imagel_477.png,imager_477.png,h
imagel_478.png,imager_478.png,t
imagel_479.png,imager_479.png,f
imagel_480.png,imager_480.png,t
imagel_481.png,imager_481.png,t
imagel_482.png,imager_482.png,t
imagel_483.png,imager_483.png,t
imagel_484.png,imager_484.png,t
imagel_485.png,imager_485.png,t
imagel_486.png,imager_486.png,f
imagel_487.png,imager_487.png,f
imagel_488.png,imager_488.png,f
imagel_489.png,imager_489.png,t
imagel_490.png,imager_490.png,t
imagel_491.png,imager_491.png,t
imagel_492.png,imager_492.png,t
imagel_493.png,imager_493.png,t
imagel_494.png,imager_494.png,f
imagel_495.png,imager_495.png,t
imagel_496.png,imager_496.png,t
imagel_497.png,imager_497.png,h
imagel_498.png,imager_498.png,t
imagel_499.png,imager_499.png,t
imagel_500.png,imager_500.png,t
imagel_501.png,imager_501.png,t
imagel_502.png,imager_502.png,t
imagel_503.png,imager_503.png,t
imagel_504.png,imager_504.png,t
imagel_505.png,imager_505.png,f
imagel_506.png,imager_506.png,t
imagel_507.png,imager_507.png,t
imagel_508.png,imager_508.png,t
imagel_509.png,imager_509.png,g
imagel_510.png,imager_510.png,f
imagel_511.png,imager_511.png,t
imagel_512.png,imager_512.png,t
imagel_513.png,imager_513.png,g
imagel_514.png,imager_514.png,f
imagel_515.png,imager_515.png,t
imagel_516.png,imager_516.png,t
imagel_517.png,imager_517.png,g
imagel_518.png,imager_518.png,f
imagel_519.png,imager_519.png,t
imagel_520.png,imager_520.png,t
imagel_521.png,imager_521.png,f
imagel_522.png,imager_522.png,f
imagel_523.png,imager_523.png,t
imagel_524.png,imager_524.png,t
imagel_525.png,imager_525.png,t
imagel_526.png,imager_526.png,t
imagel_527.png,imager_527.png,t
imagel_528.png,imager_528.png,g
imagel_529.png,imager_529.png,f
imagel_530.png,imager_530.png,t
imagel_531.png,imager_531.png,t
imagel_532.png,imager_532.png,f
imagel_533.png,imager_533.png,t
imagel_534.png,imager_534.png,t
imagel_535.png,imager_535.png,t
imagel_536.png,imager_536.png,t
imagel_537.png,imager_537.png,t
imagel_538.png,imager_538.png,t
imagel_539.png,imager_539.png,f
imagel_540.png,imager_540.png,f
imagel_541.png,imager_541.png,t
imagel_542.png,imager_542.png,g
imagel_543.png,imager_543.png,h
imagel_544.png,imager_544.png,t
imagel_545.png,imager_545.png,h
imagel_546.png,imager_546.png,g
imagel_547.png,imager_547.png,h
imagel_548.png,imager_548.png,t
imagel_549.png,imager_549.png,t
imagel_550.png,imager_550.png,t
imagel_551.png,imager_551.png,t
imagel_552.png,imager_552.png,h
imagel_553.png,imager_553.png,h
imagel_554.png,imager_554.png,h
imagel_555.png,imager_555.png,t
imagel_556.png,imager_556.png,t
imagel_557.png,imager_557.png,h
imagel_558.png,imager_558.png,t
imagel_559.png,imager_559.png,h
imagel_560.png,imager_560.png,f
imagel_561.png,imager_561.png,t
imagel_562.png,imager_562.png,f
imagel_563.png,imager_563.png,t
imagel_564.png,imager_564.png,t
imagel_565.png,imager_565.png,t
imagel_566.png,imager_566.png,f
imagel_567.png,imager_567.png,t
imagel_568.png,imager_568.png,g
imagel_569.png,imager_569.png,h
imagel_570.png,imager_570.png,h
imagel_571.png,imager_571.png,h
imagel_572.png,imager_572.png,h
imagel_573.png,imager_573.png,t
imagel_574.png,imager_574.png,t
imagel_575.png,imager_575.png,h
imagel_576.png,imager_576.png,t
imagel_577.png,imager_577.png,h
imagel_578.png,imager_578.png,h
imagel_579.png,imager_579.png,t
imagel_580.png,imager_580.png,t
imagel_581.png,imager_581.png,h
imagel_582.png,imager_582.png,h
imagel_583.png,imager_583.png,t
imagel_584.png,imager_584.png,t
imagel_585.png,imager_585.png,t
imagel_586.png,imager_586.png,t
imagel_587.png,imager_587.png,h
imagel_588.png,imager_588.png,h
imagel_589.png,imager_589.png,h
imagel_590.png,imager_590.png,t
imagel_591.png,imager_591.png,t
imagel_592.png,imager_592.png,h
imagel_593.png,imager_593.png,t
imagel_594.png,imager_594.png,t
imagel_595.png,imager_595.png,t
imagel_596.png,imager_596.png,t
imagel_597.png,imager_597.png,t
imagel_598.png,imager_598.png,f
imagel_599.png,imager_599.png,t
imagel_600.png,imager_600.png,h
imagel_601.png,imager_601.png,t
imagel_602.png,imager_602.png,t
imagel_603.png,imager_603.png,t
imagel_604.png,imager_604.png,t
imagel_605.png,imager_605.png,t
imagel_606.png,imager_606.png,t
imagel_607.png,imager_607.png,f
imagel_608.png,imager_608.png,t
imagel_609.png,imager_609.png,t
imagel_610.png,imager_610.png,t
imagel_611.png,imager_611.png,t
imagel_612.png,imager_612.png,h
imagel_613.png,imager_613.png,t
imagel_614.png,imager_614.png,t
imagel_615.png,imager_615.png,t
imagel_616.png,imager_616.png,t
imagel_617.png,imager_617.png,f
imagel_618.png,imager_618.png,f
imagel_619.png,imager_619.png,t
imagel_620.png,imager_620.png,t
imagel_621.png,imager_621.png,t
imagel_622.png,imager_622.png,t
imagel_623.png,imager_623.png,h
imagel_624.png,imager_624.png,t
imagel_625.png,imager_625.png,t
imagel_626.png,imager_626.png,t
imagel_627.png,imager_627.png,t
imagel_628.png,imager_628.png,h
imagel_629.png,imager_629.png,t
imagel_630.png,imager_630.png,t
imagel_631.png,imager_631.png,f
imagel_632.png,imager_632.png,f
imagel_633.png,imager_633.png,t
imagel_634.png,imager_634.png,h
imagel_635.png,imager_635.png,h
imagel_636.png,imager_636.png,h
imagel_637.png,imager_637.png,h
imagel_638.png,imager_638.png,h
imagel_639.png,imager_639.png,t
imagel_640.png,imager_640.png,t
imagel_641.png,imager_641.png,f
imagel_642.png,imager_642.png,t
imagel_643.png,imager_643.png,t
imagel_644.png,imager_644.png,t
imagel_645.png,imager_645.png,h
imagel_646.png,imager_646.png,h
imagel_647.png,imager_647.png,h
imagel_648.png,imager_648.png,t
imagel_649.png,imager_649.png,h
imagel_650.png,imager_650.png,t
imagel_651.png,imager_651.png,t
imagel_652.png,imager_652.png,t
imagel_653.png,imager_653.png,h
imagel_654.png,imager_654.png,t
imagel_655.png,imager_655.png,t
imagel_656.png,imager_656.png,f
imagel_657.png,imager_657.png,t
imagel_658.png,imager_658.png,t
imagel_659.png,imager_659.png,t
imagel_660.png,imager_660.png,t
imagel_661.png,imager_661.png,t
imagel_662.png,imager_662.png,t
imagel_663.png,imager_663.png,t
imagel_664.png,imager_664.png,t
imagel_665.png,imager_665.png,g
imagel_666.png,imager_666.png,h
imagel_667.png,imager_667.png,t
imagel_668.png,imager_668.png,h
imagel_669.png,imager_669.png,t
imagel_670.png,imager_670.png,h
imagel_671.png,imager_671.png,t
imagel_672.png,imager_672.png,h
imagel_673.png,imager_673.png,t
imagel_674.png,imager_674.png,h
imagel_675.png,imager_675.png,t
imagel_676.png,imager_676.png,h
imagel_677.png,imager_677.png,t
imagel_678.png,imager_678.png,t
imagel_679.png,imager_679.png,t
imagel_680.png,imager_680.png,t
imagel_681.png,imager_681.png,f
imagel_682.png,imager_682.png,t
imagel_683.png,imager_683.png,t
imagel_684.png,imager_684.png,t
imagel_685.png,imager_685.png,t
imagel_686.png,imager_686.png,t
imagel_687.png,imager_687.png,h
imagel_688.png,imager_688.png,t
imagel_689.png,imager_689.png,t
imagel_690.png,imager_690.png,t
imagel_691.png,imager_691.png,t
imagel_692.png,imager_692.png,t
imagel_693.png,imager_693.png,t
imagel_694.png,imager_694.png,t
imagel_695.png,imager_695.png,t
imagel_696.png,imager_696.png,t
imagel_697.png,imager_697.png,t
imagel_698.png,imager_698.png,h
imagel_699.png,imager_699.png,h
imagel_700.png,imager_700.png,t
imagel_701.png,imager_701.png,h
imagel_702.png,imager_702.png,t
imagel_703.png,imager_703.png,t
imagel_704.png,imager_704.png,h
imagel_705.png,imager_705.png,h
imagel_706.png,imager_706.png,t
imagel_707.png,imager_707.png,h
imagel_708.png,imager_708.png,h
imagel_709.png,imager_709.png,t
imagel_710.png,imager_710.png,t
imagel_711.png,imager_711.png,t
imagel_712.png,imager_712.png,t
imagel_713.png,imager_713.png,t
imagel_714.png,imager_714.png,h
imagel_715.png,imager_715.png,t
imagel_716.png,imager_716.png,t
imagel_717.png,imager_717.png,t
